년도,시도,지역,건물동수,연면적,에너지사용량(TOE)/전기,에너지사용량(TOE)/도시가스,에너지사용량(TOE)/지역난방,code_local,code
2018,서울특별시,종로구,17929,9141777,64818,82015,111,11010,11
2019,서울특별시,종로구,17851,9204140,63492,76653,799,11010,11
2020,서울특별시,종로구,17638,9148895,60123,71263,912,11010,11
2021,서울특별시,종로구,22845,18551145,125179,117061,0,11010,11
2018,서울특별시,중구,10598,10056233,81672,75260,563,11020,11
2019,서울특별시,중구,10383,10078848,79223,68210,497,11020,11
2020,서울특별시,중구,10186,10014362,74559,60037,461,11020,11
2021,서울특별시,중구,14776,19714506,159236,125619,10,11020,11
2018,서울특별시,용산구,17201,10639652,52659,85220,12043,11030,11
2019,서울특별시,용산구,17138,10756612,51229,79805,11128,11030,11
2020,서울특별시,용산구,16925,10800337,49986,78567,11472,11030,11
2021,서울특별시,용산구,20154,16169577,97661,108624,12330,11030,11
2018,서울특별시,성동구,14180,11631770,60559,107416,0,11040,11
2019,서울특별시,성동구,13980,11804313,59832,99986,0,11040,11
2020,서울특별시,성동구,13400,11737554,58531,97161,0,11040,11
2021,서울특별시,성동구,15934,19130128,121082,122439,44,11040,11
2018,서울특별시,광진구,21520,12054796,70609,130308,0,11050,11
2019,서울특별시,광진구,21556,12272738,68756,123447,0,11050,11
2020,서울특별시,광진구,21269,12194019,66974,120397,0,11050,11
2021,서울특별시,광진구,23861,16390039,101388,148425,0,11050,11
2018,서울특별시,동대문구,23072,12477069,68221,120591,0,11060,11
2019,서울특별시,동대문구,21794,12664554,65913,111420,0,11060,11
2020,서울특별시,동대문구,20727,12666047,64655,108926,0,11060,11
2021,서울특별시,동대문구,24359,17820851,101233,136709,0,11060,11
2018,서울특별시,중랑구,24096,15072955,61246,115765,8339,11070,11
2019,서울특별시,중랑구,23950,15182802,59370,109284,7442,11070,11
2020,서울특별시,중랑구,23524,15234462,59318,109688,7712,11070,11
2021,서울특별시,중랑구,26005,21135754,85057,127717,8711,11070,11
2018,서울특별시,성북구,27612,15745326,79365,160854,0,11080,11
2019,서울특별시,성북구,27112,15938807,77007,148376,0,11080,11
2020,서울특별시,성북구,26390,15926452,75709,144697,0,11080,11
2021,서울특별시,성북구,30169,20599678,112425,172327,0,11080,11
2018,서울특별시,강북구,23678,9496358,49566,108311,0,11090,11
2019,서울특별시,강북구,23334,9458987,47731,100045,0,11090,11
2020,서울특별시,강북구,23058,9440702,47190,99468,0,11090,11
2021,서울특별시,강북구,25668,12347966,71168,113504,0,11090,11
2018,서울특별시,도봉구,13160,10575044,46228,96498,6053,11100,11
2019,서울특별시,도봉구,13168,10644704,44985,90379,5268,11100,11
2020,서울특별시,도봉구,12959,10606207,45311,89693,5777,11100,11
2021,서울특별시,도봉구,15023,15382610,69253,104214,8405,11100,11
2018,서울특별시,노원구,9766,17227931,80522,101334,56482,11110,11
2019,서울특별시,노원구,9704,17197086,77010,94340,50859,11110,11
2020,서울특별시,노원구,9591,17178575,77775,91315,53583,11110,11
2021,서울특별시,노원구,11925,22230328,119214,114605,53944,11110,11
2018,서울특별시,은평구,25534,14271100,76127,136469,13822,11120,11
2019,서울특별시,은평구,25200,14735131,75914,130159,14370,11120,11
2020,서울특별시,은평구,24409,14567215,75855,132606,15344,11120,11
2021,서울특별시,은평구,28205,19594094,111247,157336,16404,11120,11
2018,서울특별시,서대문구,17933,12159965,65234,116563,6701,11130,11
2019,서울특별시,서대문구,17651,12559425,65164,111542,6330,11130,11
2020,서울특별시,서대문구,17365,12513535,62951,109231,6322,11130,11
2021,서울특별시,서대문구,20142,16625283,93319,129423,7857,11130,11
2018,서울특별시,마포구,19003,14946106,94151,122285,20307,11140,11
2019,서울특별시,마포구,18844,15024186,92453,114931,20148,11140,11
2020,서울특별시,마포구,18463,15030055,89542,113451,19650,11140,11
2021,서울특별시,마포구,22621,23134516,168020,149218,41874,11140,11
2018,서울특별시,양천구,14801,15365554,73188,87791,43104,11150,11
2019,서울특별시,양천구,14690,15428339,70721,82857,49258,11150,11
2020,서울특별시,양천구,14571,15429303,70316,83140,50569,11150,11
2021,서울특별시,양천구,16869,20542764,124853,98845,57371,11150,11
2018,서울특별시,강서구,20423,19981912,86299,135324,31572,11160,11
2019,서울특별시,강서구,20446,20641866,86809,128786,35896,11160,11
2020,서울특별시,강서구,20095,20611985,86808,129993,36738,11160,11
2021,서울특별시,강서구,23791,33375091,178663,167615,68147,11160,11
2018,서울특별시,구로구,17146,13056380,61253,126046,1528,11170,11
2019,서울특별시,구로구,17204,13509894,59916,120457,2963,11170,11
2020,서울특별시,구로구,17014,13546694,59927,119879,4044,11170,11
2021,서울특별시,구로구,20157,22370152,145825,154298,5625,11170,11
2018,서울특별시,금천구,12113,7260317,34724,70807,792,11180,11
2019,서울특별시,금천구,12135,7420441,34791,69814,732,11180,11
2020,서울특별시,금천구,11967,7399878,34629,70556,750,11180,11
2021,서울특별시,금천구,14358,16698662,114252,95608,746,11180,11
2018,서울특별시,영등포구,18254,14792519,88636,120803,14911,11190,11
2019,서울특별시,영등포구,18133,14914027,87480,114238,13531,11190,11
2020,서울특별시,영등포구,17862,14933962,85194,113663,13929,11190,11
2021,서울특별시,영등포구,23025,29109153,198560,176138,18466,11190,11
2018,서울특별시,동작구,20144,13342622,68158,138503,2076,11200,11
2019,서울특별시,동작구,20102,13612946,66811,132285,899,11200,11
2020,서울특별시,동작구,19855,13696704,65761,134266,0,11200,11
2021,서울특별시,동작구,22690,17716653,98242,152938,32,11200,11
2018,서울특별시,관악구,26318,14896412,87602,167297,0,11210,11
2019,서울특별시,관악구,26460,14997859,85416,158543,0,11210,11
2020,서울특별시,관악구,26246,16261412,84368,159807,0,11210,11
2021,서울특별시,관악구,31299,22230193,136043,196643,78,11210,11
2018,서울특별시,서초구,13412,21449174,140541,132590,42590,11220,11
2019,서울특별시,서초구,12856,21560285,135491,121437,38866,11220,11
2020,서울특별시,서초구,12540,21194506,131750,119066,39324,11220,11
2021,서울특별시,서초구,16686,32824535,242700,181974,39854,11220,11
2018,서울특별시,강남구,16197,29790359,184017,162452,89631,11230,11
2019,서울특별시,강남구,16129,29961585,180121,149045,83459,11230,11
2020,서울특별시,강남구,15679,29562489,176686,143808,85710,11230,11
2021,서울특별시,강남구,22464,48871036,364645,236446,95742,11230,11
2018,서울특별시,송파구,19343,26406179,142285,152050,78519,11240,11
2019,서울특별시,송파구,19331,26573343,139117,143601,71954,11240,11
2020,서울특별시,송파구,19075,25879156,136705,141869,72017,11240,11
2021,서울특별시,송파구,22727,38819901,236444,185492,94175,11240,11
2018,서울특별시,강동구,16667,15204263,72478,129259,12174,11250,11
2019,서울특별시,강동구,16636,15048315,70341,121931,11921,11250,11
2020,서울특별시,강동구,16322,15080622,69453,120895,11393,11250,11
2021,서울특별시,강동구,18715,24990185,110313,144513,16676,11250,11
2018,부산광역시,중구,5830,2070547,17463,9828,0,21010,21
2019,부산광역시,중구,5776,2067841,16403,9160,0,21010,21
2020,부산광역시,중구,5725,2064132,15193,8916,0,21010,21
2021,부산광역시,중구,7153,4018141,26612,13559,0,21010,21
2018,부산광역시,서구,10047,3826138,19131,22654,0,21020,21
2019,부산광역시,서구,9950,3955589,18892,22322,0,21020,21
2020,부산광역시,서구,9848,3987711,18935,21824,0,21020,21
2021,부산광역시,서구,11217,6021734,29753,27012,0,21020,21
2018,부산광역시,동구,10721,3280245,18607,16500,0,21030,21
2019,부산광역시,동구,10386,3331087,17937,15573,0,21030,21
2020,부산광역시,동구,10300,3404665,17534,15947,0,21030,21
2021,부산광역시,동구,11729,5968473,31554,22650,0,21030,21
2018,부산광역시,영도구,13565,4307053,20301,22202,0,21040,21
2019,부산광역시,영도구,13355,4328358,19616,20977,0,21040,21
2020,부산광역시,영도구,13158,4332279,19399,21441,0,21040,21
2021,부산광역시,영도구,15052,6014532,29373,26613,0,21040,21
2018,부산광역시,부산진구,25881,14644232,82124,75605,0,21050,21
2019,부산광역시,부산진구,24318,14878574,79602,72429,0,21050,21
2020,부산광역시,부산진구,23356,14914995,78705,73485,0,21050,21
2021,부산광역시,부산진구,27330,22962235,129343,99051,0,21050,21
2018,부산광역시,동래구,16909,10325822,44764,57656,0,21060,21
2019,부산광역시,동래구,16270,10743460,43915,54943,0,21060,21
2020,부산광역시,동래구,15808,10926050,44265,57319,0,21060,21
2021,부산광역시,동래구,18964,18195573,70702,71290,0,21060,21
2018,부산광역시,남구,19837,11737506,52330,61022,0,21070,21
2019,부산광역시,남구,18666,12166693,53002,60058,0,21070,21
2020,부산광역시,남구,17549,11836135,52400,59747,0,21070,21
2021,부산광역시,남구,20038,15428876,82262,70179,30,21070,21
2018,부산광역시,북구,10104,11426626,47688,70642,0,21080,21
2019,부산광역시,북구,10028,11607562,46498,66828,0,21080,21
2020,부산광역시,북구,9911,11601122,46831,68223,0,21080,21
2021,부산광역시,북구,12082,15222445,69107,78096,0,21080,21
2018,부산광역시,해운대구,14476,14734231,60802,74946,9441,21090,21
2019,부산광역시,해운대구,14401,15734752,61395,72221,9089,21090,21
2020,부산광역시,해운대구,14217,15944837,62814,75217,8739,21090,21
2021,부산광역시,해운대구,17339,31585598,131130,109199,14908,21090,21
2018,부산광역시,사하구,20086,11846329,50827,72238,0,21100,21
2019,부산광역시,사하구,19743,11936509,49302,67945,0,21100,21
2020,부산광역시,사하구,19381,11913267,49281,68754,0,21100,21
2021,부산광역시,사하구,23476,16943069,82967,80836,0,21100,21
2018,부산광역시,금정구,19511,10005382,47590,57826,0,21110,21
2019,부산광역시,금정구,19396,10064919,46386,54941,0,21110,21
2020,부산광역시,금정구,19092,10075634,45840,55205,0,21110,21
2021,부산광역시,금정구,22629,13593859,78134,65290,0,21110,21
2018,부산광역시,강서구,12141,4940571,21560,17367,0,21120,21
2019,부산광역시,강서구,12192,5553648,22312,15109,0,21120,21
2020,부산광역시,강서구,12033,5820774,23036,16068,0,21120,21
2021,부산광역시,강서구,18287,12666714,61384,23550,0,21120,21
2018,부산광역시,연제구,12714,8219315,34933,45214,0,21130,21
2019,부산광역시,연제구,12623,8581233,34590,44107,0,21130,21
2020,부산광역시,연제구,12406,8634390,34396,45417,0,21130,21
2021,부산광역시,연제구,14600,12144529,59543,56525,0,21130,21
2018,부산광역시,수영구,13582,7427459,32187,43436,0,21140,21
2019,부산광역시,수영구,13432,7365915,31392,40852,0,21140,21
2020,부산광역시,수영구,13046,7550625,31459,42308,166,21140,21
2021,부산광역시,수영구,14914,10119976,48647,51585,0,21140,21
2018,부산광역시,사상구,8700,7401600,32331,41916,0,21150,21
2019,부산광역시,사상구,8522,7420544,31200,39795,0,21150,21
2020,부산광역시,사상구,8314,7396477,30411,40202,0,21150,21
2021,부산광역시,사상구,12573,12938185,60349,54329,0,21150,21
2018,부산광역시,기장군,9978,6443967,30884,19188,14253,21310,21
2019,부산광역시,기장군,9991,6559101,30538,18622,13471,21310,21
2020,부산광역시,기장군,9973,6959925,30572,19942,14109,21310,21
2021,부산광역시,기장군,13882,11314114,52565,29110,14672,21310,21
2018,대구광역시,중구,10710,4903494,32768,26042,0,22010,22
2019,대구광역시,중구,10055,4874943,30743,24253,0,22010,22
2020,대구광역시,중구,9556,4802480,29054,23491,0,22010,22
2021,대구광역시,중구,9147,4794020,28914,24612,0,22010,22
2018,대구광역시,동구,28983,14112548,62491,86680,3234,22020,22
2019,대구광역시,동구,27995,14138275,60643,85384,3213,22020,22
2020,대구광역시,동구,26913,14068113,60644,87386,3580,22020,22
2021,대구광역시,동구,26179,14438655,61263,92521,3702,22020,22
2018,대구광역시,서구,26454,6769691,32230,42277,1838,22030,22
2019,대구광역시,서구,25216,6588778,30066,40499,1681,22030,22
2020,대구광역시,서구,24153,6417287,29557,41340,1792,22030,22
2021,대구광역시,서구,23887,6352479,29210,44146,1814,22030,22
2018,대구광역시,남구,22350,6689716,32931,45833,0,22040,22
2019,대구광역시,남구,21619,6667576,31837,43891,0,22040,22
2020,대구광역시,남구,20960,6595015,31683,45888,0,22040,22
2021,대구광역시,남구,20234,6692381,32225,49355,0,22040,22
2018,대구광역시,북구,23716,18393229,77649,123083,0,22050,22
2019,대구광역시,북구,23616,18689791,75541,116973,0,22050,22
2020,대구광역시,북구,23005,18860329,77000,119137,0,22050,22
2021,대구광역시,북구,22682,19360710,79227,127885,0,22050,22
2018,대구광역시,수성구,25817,19314869,80226,130268,0,22060,22
2019,대구광역시,수성구,25423,19550148,77311,124848,0,22060,22
2020,대구광역시,수성구,24428,19476382,77440,128295,0,22060,22
2021,대구광역시,수성구,23872,19742250,77793,132760,0,22060,22
2018,대구광역시,달서구,25770,22894392,99298,99738,59988,22070,22
2019,대구광역시,달서구,25518,23080348,99406,95030,57215,22070,22
2020,대구광역시,달서구,25174,23223424,100459,96403,60398,22070,22
2021,대구광역시,달서구,24562,23113507,100115,100711,60840,22070,22
2018,대구광역시,달성군,13841,9575712,39963,45194,12339,22310,22
2019,대구광역시,달성군,13852,9842671,40198,44623,12012,22310,22
2020,대구광역시,달성군,13730,9979350,41543,46368,12393,22310,22
2021,대구광역시,달성군,13719,10428507,42579,50154,12263,22310,22
2018,인천광역시,중구,9532,5401165,29218,25905,10072,23010,23
2019,인천광역시,중구,9675,6072820,30385,27290,1228,23010,23
2020,인천광역시,중구,9581,6128724,30512,28685,102,23010,23
2021,인천광역시,중구,9529,6316342,31527,29665,4843,23010,23
2018,인천광역시,동구,5414,2094127,10459,18695,0,23020,23
2019,인천광역시,동구,5157,2084655,10098,17304,0,23020,23
2020,인천광역시,동구,5096,2080453,10053,17113,0,23020,23
2021,인천광역시,동구,5015,2186129,10336,17704,0,23020,23
2018,인천광역시,미추홀구,28305,14479403,67154,125211,2282,23030,23
2019,인천광역시,미추홀구,27416,14515405,64888,115779,3161,23030,23
2020,인천광역시,미추홀구,26646,14476580,63312,114153,2314,23030,23
2021,인천광역시,미추홀구,25676,14830633,65328,116521,5337,23030,23
2018,인천광역시,연수구,5982,15321162,70421,55642,47047,23040,23
2019,인천광역시,연수구,6019,16083104,71719,53937,48334,23040,23
2020,인천광역시,연수구,6042,16467696,72704,54002,52203,23040,23
2021,인천광역시,연수구,6086,17333726,76711,54843,53833,23040,23
2018,인천광역시,남동구,15764,19794148,84987,125767,31611,23050,23
2019,인천광역시,남동구,15778,20069381,83170,117963,30042,23050,23
2020,인천광역시,남동구,15541,20095904,82664,118867,30499,23050,23
2021,인천광역시,남동구,15407,20293665,86011,119478,31699,23050,23
2018,인천광역시,부평구,18925,16126787,83299,115009,36963,23060,23
2019,인천광역시,부평구,18209,16027116,80560,106152,34342,23060,23
2020,인천광역시,부평구,17219,15769827,78923,103594,35186,23060,23
2021,인천광역시,부평구,16786,15970130,79658,103022,35547,23060,23
2018,인천광역시,계양구,9139,10359495,48424,78280,14533,23070,23
2019,인천광역시,계양구,9009,10303100,46527,73634,13531,23070,23
2020,인천광역시,계양구,8760,10231908,46060,72131,13795,23070,23
2021,인천광역시,계양구,8752,10507228,47236,72809,14604,23070,23
2018,인천광역시,서구,16013,19411211,81402,137597,30761,23080,23
2019,인천광역시,서구,16208,19804779,81498,131016,31475,23080,23
2020,인천광역시,서구,16168,19723375,81659,130933,32268,23080,23
2021,인천광역시,서구,16468,20259326,85179,133578,32859,23080,23
2018,인천광역시,강화군,19722,2972139,19329,7952,0,23310,23
2019,인천광역시,강화군,19933,3021348,18355,8054,0,23310,23
2020,인천광역시,강화군,19830,3015488,17862,8322,0,23310,23
2021,인천광역시,강화군,19992,3060696,17996,8645,0,23310,23
2018,인천광역시,옹진군,5361,789556,5898,0,0,23320,23
2019,인천광역시,옹진군,5337,791007,5554,0,0,23320,23
2020,인천광역시,옹진군,5308,785929,5509,0,0,23320,23
2021,인천광역시,옹진군,5310,781239,5641,0,0,23320,23
2018,광주광역시,동구,14042,5182509,30463,32664,0,24010,24
2019,광주광역시,동구,13466,5493077,29909,32334,0,24010,24
2020,광주광역시,동구,12892,5569543,29097,33200,0,24010,24
2021,광주광역시,동구,12655,5884025,29390,35342,0,24010,24
2018,광주광역시,서구,16815,13358137,61793,92921,757,24020,24
2019,광주광역시,서구,16732,13495958,59916,90567,687,24020,24
2020,광주광역시,서구,16562,13654972,60300,91020,712,24020,24
2021,광주광역시,서구,16338,13750606,60892,91525,788,24020,24
2018,광주광역시,남구,17801,9912076,37127,59571,0,24030,24
2019,광주광역시,남구,17463,10192536,35993,58374,0,24030,24
2020,광주광역시,남구,17216,10417924,36834,59676,0,24030,24
2021,광주광역시,남구,16912,10531170,37180,60581,0,24030,24
2018,광주광역시,북구,28906,18790964,82429,121757,4691,24040,24
2019,광주광역시,북구,28081,19106871,83887,120986,4426,24040,24
2020,광주광역시,북구,27702,19098568,84154,120961,4616,24040,24
2021,광주광역시,북구,27503,19626235,85552,123581,4513,24040,24
2018,광주광역시,광산구,21922,17073741,76379,91542,20770,24050,24
2019,광주광역시,광산구,21919,17570614,76126,92128,20814,24050,24
2020,광주광역시,광산구,21435,17683533,77509,93489,21824,24050,24
2021,광주광역시,광산구,20717,18163335,79571,97082,21822,24050,24
2018,대전광역시,동구,22218,9462121,46291,59335,0,25010,25
2019,대전광역시,동구,22012,9769318,44919,57901,0,25010,25
2020,대전광역시,동구,21533,9700053,44121,56628,0,25010,25
2021,대전광역시,동구,21071,9912612,44773,58321,0,25010,25
2018,대전광역시,중구,21907,11020948,52286,70136,0,25020,25
2019,대전광역시,중구,21708,11056774,50324,67227,0,25020,25
2020,대전광역시,중구,21259,11015615,49811,67250,0,25020,25
2021,대전광역시,중구,20689,10938479,49869,67198,0,25020,25
2018,대전광역시,서구,23850,21666912,93242,116804,20582,25030,25
2019,대전광역시,서구,23451,21797113,91003,111995,19412,25030,25
2020,대전광역시,서구,22908,21759042,91113,110126,19959,25030,25
2021,대전광역시,서구,22622,22061330,93422,112365,19616,25030,25
2018,대전광역시,유성구,14064,18123364,81956,87942,27114,25040,25
2019,대전광역시,유성구,14341,18472781,81480,84581,26301,25040,25
2020,대전광역시,유성구,14316,18621907,81896,83164,26488,25040,25
2021,대전광역시,유성구,14344,18703122,85578,84754,26400,25040,25
2018,대전광역시,대덕구,14095,7489567,35885,45354,3645,25050,25
2019,대전광역시,대덕구,14056,7517423,34633,43207,3397,25050,25
2020,대전광역시,대덕구,13936,7515694,34043,42563,3286,25050,25
2021,대전광역시,대덕구,13818,7737963,34784,44217,3526,25050,25
2018,울산광역시,중구,17960,9040909,37653,64658,0,26010,26
2019,울산광역시,중구,17790,9141057,36450,60214,0,26010,26
2020,울산광역시,중구,17449,9047896,36444,61282,0,26010,26
2021,울산광역시,중구,17101,9088617,36554,61903,0,26010,26
2018,울산광역시,남구,17852,14399162,61544,96315,0,26020,26
2019,울산광역시,남구,17783,14581144,59115,90286,0,26020,26
2020,울산광역시,남구,17625,14696908,58771,90970,0,26020,26
2021,울산광역시,남구,17139,14718201,59003,91816,0,26020,26
2018,울산광역시,동구,8821,6294269,26416,46789,0,26030,26
2019,울산광역시,동구,8794,6298350,25583,42887,0,26030,26
2020,울산광역시,동구,8773,6342009,25586,43795,0,26030,26
2021,울산광역시,동구,8761,6320115,26283,43755,0,26030,26
2018,울산광역시,북구,8799,8003215,28834,52018,0,26040,26
2019,울산광역시,북구,8839,8779584,29368,51675,0,26040,26
2020,울산광역시,북구,8858,8941314,30323,54930,0,26040,26
2021,울산광역시,북구,8991,9050108,30958,56738,0,26040,26
2018,울산광역시,울주군,22113,9145790,42555,55730,0,26310,26
2019,울산광역시,울주군,22248,9521832,42064,53549,0,26310,26
2020,울산광역시,울주군,22159,9531801,42722,55919,0,26310,26
2021,울산광역시,울주군,22307,9637377,43614,58064,0,26310,26
2018,세종특별자치시,세종시,17640,14242917,60932,28287,48571,29010,29
2019,세종특별자치시,세종시,18045,15700358,64564,28552,53830,29010,29
2020,세종특별자치시,세종시,17919,15889246,67545,29299,56312,29010,29
2021,세종특별자치시,세종시,18042,17140859,70915,30533,61404,29010,29
2018,경기도,장안구,12657,10174425,52604,66254,27558,31011,31
2019,경기도,장안구,12403,10173182,50738,61297,25922,31011,31
2020,경기도,장안구,12180,10111843,50226,59904,26388,31011,31
2021,경기도,장안구,12063,10100429,51506,60259,26194,31011,31
2018,경기도,권선구,14633,13680910,57451,81300,31796,31012,31
2019,경기도,권선구,14499,13826430,56929,76679,31001,31012,31
2020,경기도,권선구,14128,13800177,57703,75955,31975,31012,31
2021,경기도,권선구,14045,13920864,59578,76256,32139,31012,31
2018,경기도,팔달구,13202,7515881,42068,58884,8381,31013,31
2019,경기도,팔달구,12170,7343837,40642,53305,7810,31013,31
2020,경기도,팔달구,11782,7261138,39397,52289,7983,31013,31
2021,경기도,팔달구,11668,7770346,41329,52310,9227,31013,31
2018,경기도,영통구,5904,13247277,62519,43259,64963,31014,31
2019,경기도,영통구,6070,14193452,63078,41337,65438,31014,31
2020,경기도,영통구,6102,17555141,64067,40901,67822,31014,31
2021,경기도,영통구,6174,17626953,66973,40916,67871,31014,31
2018,경기도,수정구,19953,7377439,32199,70809,7882,31021,31
2019,경기도,수정구,19827,7671375,31566,66946,8272,31021,31
2020,경기도,수정구,19799,7850945,31847,66848,8878,31021,31
2021,경기도,수정구,19138,8363701,32349,66818,13722,31021,31
2018,경기도,중원구,13242,6353510,32946,67857,4768,31022,31
2019,경기도,중원구,12970,6327917,31924,63586,4503,31022,31
2020,경기도,중원구,12960,6332577,31807,63432,4546,31022,31
2021,경기도,중원구,12912,6390717,32484,63925,5324,31022,31
2018,경기도,분당구,7279,21232943,87822,39088,76226,31023,31
2019,경기도,분당구,7329,21269426,87397,37332,71135,31023,31
2020,경기도,분당구,7333,21309623,87988,37080,70939,31023,31
2021,경기도,분당구,7430,22010778,93547,36655,73946,31023,31
2018,경기도,의정부시,16996,15074115,66781,128317,8694,31030,31
2019,경기도,의정부시,16701,15453212,65347,121308,9156,31030,31
2020,경기도,의정부시,16456,15596748,65010,120533,9597,31030,31
2021,경기도,의정부시,16240,16155351,66837,124343,10474,31030,31
2018,경기도,만안구,10856,8351482,40719,72897,5802,31041,31
2019,경기도,만안구,10749,8357122,39432,68189,5637,31041,31
2020,경기도,만안구,10608,8361830,38530,67127,5148,31041,31
2021,경기도,만안구,10174,8151943,39253,66049,4858,31041,31
2018,경기도,동안구,6408,10585211,50237,43271,46156,31042,31
2019,경기도,동안구,6117,10594221,48785,39836,43674,31042,31
2020,경기도,동안구,5813,10477591,47713,38069,43162,31042,31
2021,경기도,동안구,5410,10659308,49034,36027,43771,31042,31
2018,경기도,부천시,33184,27431596,121268,193984,47707,31050,31
2019,경기도,부천시,32799,27638185,118052,181269,45339,31050,31
2020,경기도,부천시,32407,27852492,117998,180053,46647,31050,31
2021,경기도,부천시,32063,28037660,120513,179995,48571,31050,31
2018,경기도,광명시,10556,9732146,48243,78239,10978,31060,31
2019,경기도,광명시,10181,9842506,46682,71302,11305,31060,31
2020,경기도,광명시,9526,10033206,46397,68469,11584,31060,31
2021,경기도,광명시,8293,9872840,46420,62399,12531,31060,31
2018,경기도,평택시,35933,21478289,120037,147937,11612,31070,31
2019,경기도,평택시,36529,23418250,119118,143469,16501,31070,31
2020,경기도,평택시,36503,23820260,120555,144591,20153,31070,31
2021,경기도,평택시,37247,25305439,127005,153215,25027,31070,31
2018,경기도,동두천시,6667,3569051,15920,32210,0,31080,31
2019,경기도,동두천시,6729,3609423,15470,30317,0,31080,31
2020,경기도,동두천시,6711,3620789,15486,30437,0,31080,31
2021,경기도,동두천시,6746,3669386,15773,31573,0,31080,31
2018,경기도,상록구,14836,11419699,55629,102120,16390,31091,31
2019,경기도,상록구,14853,11625003,53811,95677,16390,31091,31
2020,경기도,상록구,14769,12080951,53230,93253,19750,31091,31
2021,경기도,상록구,14714,12509213,54843,93182,19844,31091,31
2018,경기도,단원구,11325,10415150,51891,70222,27698,31092,31
2019,경기도,단원구,11403,10721912,50403,67001,27480,31092,31
2020,경기도,단원구,11344,11205626,50354,65118,30218,31092,31
2021,경기도,단원구,11303,11220337,52645,65169,31268,31092,31
2018,경기도,덕양구,15398,15165036,70955,68611,60819,31101,31
2019,경기도,덕양구,15546,15861073,69623,64495,57771,31101,31
2020,경기도,덕양구,15525,16339606,71288,66170,60047,31101,31
2021,경기도,덕양구,15748,16801402,73548,67264,64032,31101,31
2018,경기도,일산동구,11305,11285225,54578,33878,51804,31103,31
2019,경기도,일산동구,11490,11620678,53223,32746,49051,31103,31
2020,경기도,일산동구,11496,11754447,52447,33546,50595,31103,31
2021,경기도,일산동구,11530,11882593,53565,33855,51300,31103,31
2018,경기도,일산서구,6766,11412557,49505,28483,59278,31104,31
2019,경기도,일산서구,6823,11722973,49429,27013,56862,31104,31
2020,경기도,일산서구,6839,11738763,49913,27720,58026,31104,31
2021,경기도,일산서구,6861,11779013,51686,27710,58009,31104,31
2018,경기도,과천시,2290,2089132,11629,10145,8707,31110,31
2019,경기도,과천시,2311,2099538,10883,9811,8387,31110,31
2020,경기도,과천시,2264,2040791,9089,9695,8631,31110,31
2021,경기도,과천시,2339,2615206,9984,9818,10977,31110,31
2018,경기도,구리시,6989,6774020,30387,54548,4954,31120,31
2019,경기도,구리시,6974,6823274,30009,50921,5237,31120,31
2020,경기도,구리시,6873,6892906,29792,50856,5340,31120,31
2021,경기도,구리시,6520,6863313,29773,52419,5362,31120,31
2018,경기도,남양주시,23648,24537356,108570,181843,17101,31130,31
2019,경기도,남양주시,24175,26002165,110299,175380,19308,31130,31
2020,경기도,남양주시,24310,26447919,112051,179091,21964,31130,31
2021,경기도,남양주시,24539,27706272,115815,189113,25101,31130,31
2018,경기도,오산시,7620,8171216,38198,42959,26022,31140,31
2019,경기도,오산시,7858,8739731,38314,40777,21549,31140,31
2020,경기도,오산시,7849,8702620,39299,41149,23120,31140,31
2021,경기도,오산시,7945,8803997,41269,41968,22497,31140,31
2018,경기도,시흥시,13009,19362828,72650,126561,16002,31150,31
2019,경기도,시흥시,13353,21048077,71555,119323,22878,31150,31
2020,경기도,시흥시,13404,21479472,71255,119920,27162,31150,31
2021,경기도,시흥시,13653,22896923,74630,124119,32202,31150,31
2018,경기도,군포시,6054,9934932,35379,37488,32905,31160,31
2019,경기도,군포시,6124,10147151,34342,36208,30496,31160,31
2020,경기도,군포시,6140,10255771,34738,36954,31277,31160,31
2021,경기도,군포시,6115,10253641,35691,37332,31279,31160,31
2018,경기도,의왕시,4603,5122998,23471,31129,14035,31170,31
2019,경기도,의왕시,4694,5755260,24876,30074,15821,31170,31
2020,경기도,의왕시,4442,5852830,26136,29026,15719,31170,31
2021,경기도,의왕시,3932,5829387,26963,28074,17160,31170,31
2018,경기도,하남시,7860,9388642,39158,42401,22574,31180,31
2019,경기도,하남시,8033,10229263,39723,41047,25427,31180,31
2020,경기도,하남시,7960,10457478,40618,41558,27884,31180,31
2021,경기도,하남시,7997,11237877,41675,42319,28853,31180,31
2018,경기도,처인구,22168,9610434,52661,62140,0,31191,31
2019,경기도,처인구,22580,9948944,52108,64896,0,31191,31
2020,경기도,처인구,22583,10001914,52217,66249,0,31191,31
2021,경기도,처인구,23270,10199804,54291,69696,0,31191,31
2018,경기도,기흥구,10742,17879925,70423,58078,74874,31192,31
2019,경기도,기흥구,10896,18569709,69769,56381,73405,31192,31
2020,경기도,기흥구,10948,18590151,71605,56341,74801,31192,31
2021,경기도,기흥구,11087,18744974,73857,57068,74792,31192,31
2018,경기도,수지구,5493,15579191,61632,21980,87643,31193,31
2019,경기도,수지구,5637,16437854,61819,21427,84585,31193,31
2020,경기도,수지구,5713,16560253,64464,21539,89723,31193,31
2021,경기도,수지구,5879,16883697,67305,21040,88697,31193,31
2018,경기도,파주시,24380,16461568,80054,86471,34381,31200,31
2019,경기도,파주시,25098,16728597,79074,82413,33834,31200,31
2020,경기도,파주시,25307,17006274,79699,84793,34851,31200,31
2021,경기도,파주시,25969,18020575,83557,88321,37905,31200,31
2018,경기도,이천시,18895,7436908,42048,49653,0,31210,31
2019,경기도,이천시,19199,7791713,41561,49226,0,31210,31
2020,경기도,이천시,19333,7928702,41731,50824,0,31210,31
2021,경기도,이천시,19672,8206545,42788,52533,0,31210,31
2018,경기도,안성시,19592,7333981,41094,39891,0,31220,31
2019,경기도,안성시,19796,7763225,40511,40512,0,31220,31
2020,경기도,안성시,19766,7831414,40147,41115,0,31220,31
2021,경기도,안성시,19831,8000587,41119,43749,0,31220,31
2018,경기도,김포시,15415,16499016,75482,72267,38969,31230,31
2019,경기도,김포시,16038,17063243,76800,72793,38566,31230,31
2020,경기도,김포시,16243,17534638,78417,75329,39953,31230,31
2021,경기도,김포시,16661,18992098,83249,79763,44156,31230,31
2018,경기도,화성시,36603,32929088,133556,89591,98492,31240,31
2019,경기도,화성시,37684,36329824,135030,89523,105840,31240,31
2020,경기도,화성시,37610,36889355,137574,90912,110830,31240,31
2021,경기도,화성시,38276,38633113,145151,95811,121114,31240,31
2018,경기도,광주시,22852,13112594,65420,110327,0,31250,31
2019,경기도,광주시,23453,13716047,65344,110679,0,31250,31
2020,경기도,광주시,23570,13842146,67637,115309,0,31250,31
2021,경기도,광주시,23951,14087689,69571,119352,0,31250,31
2018,경기도,양주시,10626,7595459,36968,45926,10280,31260,31
2019,경기도,양주시,10867,8039117,36545,43410,11432,31260,31
2020,경기도,양주시,10934,8314651,37197,45331,12526,31260,31
2021,경기도,양주시,11168,8902546,39427,46682,10506,31260,31
2018,경기도,포천시,20465,5386133,36283,24493,0,31270,31
2019,경기도,포천시,20584,5441965,34832,24089,0,31270,31
2020,경기도,포천시,20498,5495466,34340,25160,0,31270,31
2021,경기도,포천시,20544,5633072,35377,26056,0,31270,31
2018,경기도,여주시,15240,4114887,26077,20951,0,31280,31
2019,경기도,여주시,15550,4222276,25138,20485,0,31280,31
2020,경기도,여주시,15696,4246119,25078,20795,0,31280,31
2021,경기도,여주시,16212,4389170,25490,21810,0,31280,31
2018,경기도,연천군,8889,1285585,10250,6384,0,31350,31
2019,경기도,연천군,8883,1292514,9621,6171,0,31350,31
2020,경기도,연천군,8838,1326570,9319,6534,0,31350,31
2021,경기도,연천군,8831,1365979,9292,6696,0,31350,31
2018,경기도,가평군,14581,2727326,22684,7862,0,31370,31
2019,경기도,가평군,14663,2792484,21363,8426,0,31370,31
2020,경기도,가평군,14607,2803150,21035,8962,0,31370,31
2021,경기도,가평군,14561,2819028,21169,9622,0,31370,31
2018,경기도,양평군,26809,5039772,37357,11090,0,31380,31
2019,경기도,양평군,27190,5129798,35616,11027,0,31380,31
2020,경기도,양평군,27162,5151660,35293,11364,0,31380,31
2021,경기도,양평군,27358,5215449,35870,12499,0,31380,31
2018,강원도,춘천시,27442,12281232,67978,87253,0,32010,32
2019,강원도,춘천시,27608,12790867,65386,84664,0,32010,32
2020,강원도,춘천시,27415,12765163,63108,82330,0,32010,32
2021,강원도,춘천시,27315,13233497,64260,90128,0,32010,32
2018,강원도,원주시,31736,15630186,84051,97285,0,32020,32
2019,강원도,원주시,32134,16998367,80970,98549,0,32020,32
2020,강원도,원주시,32001,17280820,79717,101299,0,32020,32
2021,강원도,원주시,32009,17698757,81273,108763,0,32020,32
2018,강원도,강릉시,27915,9282597,52133,25712,0,32030,32
2019,강원도,강릉시,28005,9567359,50797,25308,0,32030,32
2020,강원도,강릉시,27903,9720831,50796,26973,0,32030,32
2021,강원도,강릉시,27919,9943530,51275,29818,0,32030,32
2018,강원도,동해시,9254,3483075,17482,7714,0,32040,32
2019,강원도,동해시,9285,3684758,17207,7884,0,32040,32
2020,강원도,동해시,9276,3817256,17476,8737,0,32040,32
2021,강원도,동해시,9302,3914960,17660,10324,0,32040,32
2018,강원도,태백시,5647,1557743,8487,0,0,32050,32
2019,강원도,태백시,5655,1593935,8315,0,0,32050,32
2020,강원도,태백시,5623,1608160,8291,0,0,32050,32
2021,강원도,태백시,5625,1615411,8453,0,0,32050,32
2018,강원도,속초시,7597,3463121,18873,14381,0,32060,32
2019,강원도,속초시,7639,3665060,18987,14435,0,32060,32
2020,강원도,속초시,7580,3770905,19044,15628,0,32060,32
2021,강원도,속초시,7531,3956535,19407,17813,0,32060,32
2018,강원도,삼척시,10685,2593672,13589,2278,0,32070,32
2019,강원도,삼척시,10673,2608878,13102,2313,0,32070,32
2020,강원도,삼척시,10570,2614555,13057,2693,0,32070,32
2021,강원도,삼척시,10513,2624511,13187,2964,0,32070,32
2018,강원도,홍천군,13404,2305263,18348,8412,0,32310,32
2019,강원도,홍천군,13635,2350753,17511,8153,0,32310,32
2020,강원도,홍천군,13676,2366548,17439,8460,0,32310,32
2021,강원도,홍천군,13825,2392662,17694,8958,0,32310,32
2018,강원도,횡성군,10916,1756366,13656,3651,0,32320,32
2019,강원도,횡성군,11123,1802870,13111,3757,0,32320,32
2020,강원도,횡성군,11162,1811550,13101,3856,0,32320,32
2021,강원도,횡성군,11303,1868290,13231,4176,0,32320,32
2018,강원도,영월군,10403,1420350,10493,2676,0,32330,32
2019,강원도,영월군,10429,1432390,9996,2740,0,32330,32
2020,강원도,영월군,10318,1434164,9999,2810,0,32330,32
2021,강원도,영월군,10319,1518851,10221,3879,0,32330,32
2018,강원도,평창군,11987,2203831,18132,0,0,32340,32
2019,강원도,평창군,12083,2094704,16942,0,0,32340,32
2020,강원도,평창군,12029,2105001,17067,0,0,32340,32
2021,강원도,평창군,12035,2131544,17169,0,0,32340,32
2018,강원도,정선군,10028,1363216,13191,581,0,32350,32
2019,강원도,정선군,10075,1375275,11033,848,0,32350,32
2020,강원도,정선군,10006,1376048,10662,1151,0,32350,32
2021,강원도,정선군,9979,1385633,10583,1321,0,32350,32
2018,강원도,철원군,8024,1292776,13071,0,0,32360,32
2019,강원도,철원군,8032,1313536,12328,0,0,32360,32
2020,강원도,철원군,7991,1318442,11964,0,0,32360,32
2021,강원도,철원군,7986,1345054,11780,0,0,32360,32
2018,강원도,화천군,4911,589372,5496,0,0,32370,32
2019,강원도,화천군,4926,597006,5221,0,0,32370,32
2020,강원도,화천군,4901,596839,4917,0,0,32370,32
2021,강원도,화천군,4916,601126,4940,0,0,32370,32
2018,강원도,양구군,3840,622647,5905,0,0,32380,32
2019,강원도,양구군,3884,639102,5534,0,0,32380,32
2020,강원도,양구군,3890,639676,5019,0,0,32380,32
2021,강원도,양구군,3924,644979,4884,0,0,32380,32
2018,강원도,인제군,7106,1026401,10435,0,0,32390,32
2019,강원도,인제군,7164,1029297,9772,0,0,32390,32
2020,강원도,인제군,7137,1061753,9147,0,0,32390,32
2021,강원도,인제군,7155,1091459,9123,0,0,32390,32
2018,강원도,고성군,7659,871453,6911,20,0,32400,32
2019,강원도,고성군,7519,860278,6459,109,0,32400,32
2020,강원도,고성군,7477,873602,6530,118,0,32400,32
2021,강원도,고성군,7540,981405,6771,395,0,32400,32
2018,강원도,양양군,7441,1310918,7952,0,0,32410,32
2019,강원도,양양군,7469,1342820,7719,0,0,32410,32
2020,강원도,양양군,7473,1419780,7834,214,0,32410,32
2021,강원도,양양군,7505,1418079,7908,675,0,32410,32
2018,충청북도,상당구,18084,7128530,36929,25323,14237,33041,33
2019,충청북도,상당구,18069,7568040,35962,27326,13332,33041,33
2020,충청북도,상당구,17953,7876400,36432,27133,14231,33041,33
2021,충청북도,상당구,17932,8639431,37600,28147,17080,33041,33
2018,충청북도,서원구,16436,9418533,48895,30690,27421,33042,33
2019,충청북도,서원구,16474,9430083,46948,30133,25865,33042,33
2020,충청북도,서원구,16366,9487472,45512,29466,25637,33042,33
2021,충청북도,서원구,16239,9619567,45595,30462,25364,33042,33
2018,충청북도,흥덕구,19360,11353593,55851,64238,13344,33043,33
2019,충청북도,흥덕구,19469,12054024,54966,63910,13122,33043,33
2020,충청북도,흥덕구,19144,12246159,55229,63776,12870,33043,33
2021,충청북도,흥덕구,18837,12630278,55996,65804,14525,33043,33
2018,충청북도,청원구,16548,8336532,43414,50562,0,33044,33
2019,충청북도,청원구,16658,8449091,42767,50954,0,33044,33
2020,충청북도,청원구,16513,8475057,42497,49978,0,33044,33
2021,충청북도,청원구,16592,8596368,43067,51450,0,33044,33
2018,충청북도,충주시,31076,9904575,51401,49884,0,33020,33
2019,충청북도,충주시,31176,10208593,50084,49084,0,33020,33
2020,충청북도,충주시,31036,10411294,49392,50721,0,33020,33
2021,충청북도,충주시,30979,10518985,49887,54276,0,33020,33
2018,충청북도,제천시,19423,5849569,33754,24481,0,33030,33
2019,충청북도,제천시,19496,5942747,32186,24443,0,33030,33
2020,충청북도,제천시,19452,5998346,31684,25263,0,33030,33
2021,충청북도,제천시,19476,6017332,31882,26631,0,33030,33
2018,충청북도,보은군,8286,1116023,6630,1087,0,33320,33
2019,충청북도,보은군,8322,1175652,6352,1066,0,33320,33
2020,충청북도,보은군,8292,1176486,6162,1244,0,33320,33
2021,충청북도,보은군,8293,1184905,6040,1290,0,33320,33
2018,충청북도,옥천군,13201,1910806,9485,4295,0,33330,33
2019,충청북도,옥천군,13183,1914138,9031,4343,0,33330,33
2020,충청북도,옥천군,13045,1907936,9109,4431,0,33330,33
2021,충청북도,옥천군,12989,1964769,9177,4788,0,33330,33
2018,충청북도,영동군,10803,1576563,8963,2501,0,33340,33
2019,충청북도,영동군,10865,1590526,8590,2668,0,33340,33
2020,충청북도,영동군,10806,1589357,8433,2658,0,33340,33
2021,충청북도,영동군,10827,1607757,8446,2787,0,33340,33
2018,충청북도,증평군,4196,1469390,7579,8086,0,33390,33
2019,충청북도,증평군,4192,1539727,7221,8274,0,33390,33
2020,충청북도,증평군,4176,1544838,7102,8523,0,33390,33
2021,충청북도,증평군,4156,1546193,7339,8845,0,33390,33
2018,충청북도,진천군,11255,3499777,17061,11787,0,33350,33
2019,충청북도,진천군,11288,3646703,16719,13264,0,33350,33
2020,충청북도,진천군,11202,3645809,16646,13879,0,33350,33
2021,충청북도,진천군,11286,3866819,17034,15618,0,33350,33
2018,충청북도,괴산군,10376,1354506,9353,1050,0,33360,33
2019,충청북도,괴산군,10445,1372929,9084,1170,0,33360,33
2020,충청북도,괴산군,10408,1394786,8793,1300,0,33360,33
2021,충청북도,괴산군,10474,1405663,8843,1469,0,33360,33
2018,충청북도,음성군,16063,4289972,23510,13868,0,33370,33
2019,충청북도,음성군,16164,4424661,23065,14170,0,33370,33
2020,충청북도,음성군,16121,4415056,22777,14576,0,33370,33
2021,충청북도,음성군,16148,4466564,23422,15510,0,33370,33
2018,충청북도,단양군,8838,1267276,8665,1075,0,33380,33
2019,충청북도,단양군,8854,1276073,8260,1176,0,33380,33
2020,충청북도,단양군,8793,1272271,8159,1494,0,33380,33
2021,충청북도,단양군,8757,1262162,8068,1559,0,33380,33
2018,충청남도,동남구,22919,12171955,64552,72052,3996,34011,34
2019,충청남도,동남구,23018,12565006,63707,73529,4088,34011,34
2020,충청남도,동남구,22912,12708623,62748,72770,4059,34011,34
2021,충청남도,동남구,22907,12855086,64579,73944,4066,34011,34
2018,충청남도,서북구,15854,15727730,74517,100543,5729,34012,34
2019,충청남도,서북구,16067,16221678,73743,99978,6088,34012,34
2020,충청남도,서북구,16107,16508602,74766,100875,6191,34012,34
2021,충청남도,서북구,16204,17042000,79020,104129,6713,34012,34
2018,충청남도,공주시,18540,4525138,25766,18908,0,34020,34
2019,충청남도,공주시,18595,4631456,24562,19247,0,34020,34
2020,충청남도,공주시,18549,4635737,23786,19206,0,34020,34
2021,충청남도,공주시,18570,4649494,23988,20001,0,34020,34
2018,충청남도,보령시,12922,3534969,23066,14833,0,34030,34
2019,충청남도,보령시,13011,3607108,22372,14892,0,34030,34
2020,충청남도,보령시,13049,3731018,22024,15843,0,34030,34
2021,충청남도,보령시,13121,3754996,22231,16099,0,34030,34
2018,충청남도,아산시,21934,13419792,69053,74916,8177,34040,34
2019,충청남도,아산시,22349,13675002,67344,74397,8298,34040,34
2020,충청남도,아산시,22512,13785355,65886,77048,6588,34040,34
2021,충청남도,아산시,22864,14190885,69801,79484,8260,34040,34
2018,충청남도,서산시,18832,7366283,37489,38553,0,34050,34
2019,충청남도,서산시,18972,7626456,36524,37881,0,34050,34
2020,충청남도,서산시,18949,7637393,36779,41044,0,34050,34
2021,충청남도,서산시,19155,7901610,38045,42122,0,34050,34
2018,충청남도,논산시,23871,4480713,25866,14685,0,34060,34
2019,충청남도,논산시,23801,4582710,24762,15179,0,34060,34
2020,충청남도,논산시,23602,4589196,24528,15779,0,34060,34
2021,충청남도,논산시,23389,4590012,24908,16040,0,34060,34
2018,충청남도,계룡시,1577,1611553,6603,10199,0,34070,34
2019,충청남도,계룡시,1602,1620909,6443,9879,0,34070,34
2020,충청남도,계룡시,1595,1620771,6570,10021,0,34070,34
2021,충청남도,계룡시,1634,1673471,6761,10422,0,34070,34
2018,충청남도,당진시,22267,7311960,37208,38930,0,34080,34
2019,충청남도,당진시,22266,7344279,36265,37740,0,34080,34
2020,충청남도,당진시,22102,7341889,36284,39055,0,34080,34
2021,충청남도,당진시,22179,7646744,37765,41128,0,34080,34
2018,충청남도,금산군,15220,1962643,12098,4818,0,34310,34
2019,충청남도,금산군,15234,1991857,11504,4768,0,34310,34
2020,충청남도,금산군,15099,1989288,11192,5091,0,34310,34
2021,충청남도,금산군,15111,2016976,11025,5273,0,34310,34
2018,충청남도,부여군,16181,2148161,12576,4207,0,34330,34
2019,충청남도,부여군,16151,2129296,11902,4480,0,34330,34
2020,충청남도,부여군,16042,2148151,11874,5097,0,34330,34
2021,충청남도,부여군,15969,2147597,11833,5356,0,34330,34
2018,충청남도,서천군,10633,1699535,10612,4835,0,34340,34
2019,충청남도,서천군,10650,1727509,10291,4852,0,34340,34
2020,충청남도,서천군,10629,1766389,10260,5199,0,34340,34
2021,충청남도,서천군,10641,1832575,10061,5525,0,34340,34
2018,충청남도,청양군,8348,986772,5932,0,0,34350,34
2019,충청남도,청양군,8389,998722,5659,0,0,34350,34
2020,충청남도,청양군,8359,1003114,5636,0,0,34350,34
2021,충청남도,청양군,8360,1011768,5655,0,0,34350,34
2018,충청남도,홍성군,12018,3932450,18652,9511,5974,34360,34
2019,충청남도,홍성군,12092,3950377,18099,9165,6021,34360,34
2020,충청남도,홍성군,12053,3960459,17956,10065,6319,34360,34
2021,충청남도,홍성군,12137,3978584,18244,10369,6211,34360,34
2018,충청남도,예산군,12633,2792175,14571,8398,410,34370,34
2019,충청남도,예산군,12687,2823302,13997,8318,525,34370,34
2020,충청남도,예산군,12661,2878892,13739,9206,636,34370,34
2021,충청남도,예산군,12682,2893566,13943,9576,803,34370,34
2018,충청남도,태안군,14144,2665904,17699,4927,0,34380,34
2019,충청남도,태안군,14300,2743072,16872,5120,0,34380,34
2020,충청남도,태안군,14350,2772856,16724,5969,0,34380,34
2021,충청남도,태안군,14557,2806844,17032,6269,0,34380,34
2018,전라북도,완산구,24316,15641523,72699,110116,0,35011,35
2019,전라북도,완산구,24007,15887048,70407,107398,0,35011,35
2020,전라북도,완산구,23896,16243948,70624,109893,0,35011,35
2021,전라북도,완산구,23634,16469222,71668,109775,0,35011,35
2018,전라북도,덕진구,21544,12849472,55943,93614,0,35012,35
2019,전라북도,덕진구,21838,14031054,60082,96283,0,35012,35
2020,전라북도,덕진구,21803,14312769,60857,99518,0,35012,35
2021,전라북도,덕진구,21860,14935582,63098,100534,0,35012,35
2018,전라북도,군산시,26118,12907504,57245,68408,0,35020,35
2019,전라북도,군산시,26086,13016921,55791,68652,0,35020,35
2020,전라북도,군산시,26017,13122827,55874,69593,0,35020,35
2021,전라북도,군산시,25989,13377762,57078,71503,0,35020,35
2018,전라북도,익산시,34368,11930378,59297,53121,4098,35030,35
2019,전라북도,익산시,34297,12157337,57369,45955,4433,35030,35
2020,전라북도,익산시,34023,12185181,56996,53038,4521,35030,35
2021,전라북도,익산시,33762,12353051,57295,54703,4321,35030,35
2018,전라북도,정읍시,16210,3696551,19425,13351,0,35040,35
2019,전라북도,정읍시,16234,3763830,18781,11784,0,35040,35
2020,전라북도,정읍시,16216,3827425,19076,13811,0,35040,35
2021,전라북도,정읍시,16238,3883920,19647,14633,0,35040,35
2018,전라북도,남원시,18737,3299554,16184,9017,0,35050,35
2019,전라북도,남원시,18792,3323772,15523,9172,0,35050,35
2020,전라북도,남원시,18738,3397155,15436,10309,0,35050,35
2021,전라북도,남원시,18720,3433688,15486,10900,0,35050,35
2018,전라북도,김제시,16365,2790241,14851,9917,0,35060,35
2019,전라북도,김제시,16389,2813035,14315,9839,0,35060,35
2020,전라북도,김제시,16301,2809952,14246,10135,0,35060,35
2021,전라북도,김제시,16279,2871193,14366,10202,0,35060,35
2018,전라북도,완주군,15863,3770287,19532,14587,0,35310,35
2019,전라북도,완주군,15936,3816998,18837,14528,0,35310,35
2020,전라북도,완주군,15884,3913808,18814,14821,0,35310,35
2021,전라북도,완주군,15921,3966954,18892,15100,0,35310,35
2018,전라북도,진안군,7414,779187,4012,236,0,35320,35
2019,전라북도,진안군,7439,808214,3857,1009,0,35320,35
2020,전라북도,진안군,7448,818718,3833,1156,0,35320,35
2021,전라북도,진안군,7498,837738,3793,1444,0,35320,35
2018,전라북도,무주군,7507,984827,5376,1876,0,35330,35
2019,전라북도,무주군,7528,994802,5169,1784,0,35330,35
2020,전라북도,무주군,7521,995689,5110,1946,0,35330,35
2021,전라북도,무주군,7537,1027825,5098,2026,0,35330,35
2018,전라북도,장수군,7052,695170,4203,0,0,35340,35
2019,전라북도,장수군,7037,698411,3852,0,0,35340,35
2020,전라북도,장수군,7006,697806,3793,0,0,35340,35
2021,전라북도,장수군,6967,698165,3700,0,0,35340,35
2018,전라북도,임실군,5190,692867,3481,791,0,35350,35
2019,전라북도,임실군,5248,715799,3396,954,0,35350,35
2020,전라북도,임실군,5277,722681,3439,1096,0,35350,35
2021,전라북도,임실군,5310,727942,3435,1241,0,35350,35
2018,전라북도,순창군,7272,852352,4076,2141,0,35360,35
2019,전라북도,순창군,7313,862618,3932,2135,0,35360,35
2020,전라북도,순창군,7308,881305,3927,2473,0,35360,35
2021,전라북도,순창군,7346,887428,3887,2518,0,35360,35
2018,전라북도,고창군,9209,1486033,8829,4172,0,35370,35
2019,전라북도,고창군,9285,1525610,8520,4312,0,35370,35
2020,전라북도,고창군,9302,1550144,8493,4728,0,35370,35
2021,전라북도,고창군,9378,1558039,8610,4837,0,35370,35
2018,전라북도,부안군,15255,1964205,11562,2916,0,35380,35
2019,전라북도,부안군,15173,1995273,11031,3013,0,35380,35
2020,전라북도,부안군,15013,2048302,11055,3497,0,35380,35
2021,전라북도,부안군,14822,2062489,11005,3983,0,35380,35
2018,전라남도,목포시,23037,10170184,49406,54474,0,36010,36
2019,전라남도,목포시,23071,10351424,48241,54874,0,36010,36
2020,전라남도,목포시,22957,10467478,48847,57692,0,36010,36
2021,전라남도,목포시,22893,10655622,49319,57581,0,36010,36
2018,전라남도,여수시,35903,11572206,54832,52666,0,36020,36
2019,전라남도,여수시,36021,11829066,52897,53038,0,36020,36
2020,전라남도,여수시,35780,11921874,53829,57218,0,36020,36
2021,전라남도,여수시,35692,12097614,54365,58889,0,36020,36
2018,전라남도,순천시,29323,11609617,53502,57536,0,36030,36
2019,전라남도,순천시,29451,11909779,53209,56575,0,36030,36
2020,전라남도,순천시,29281,11925483,54215,60875,0,36030,36
2021,전라남도,순천시,29225,12288216,55070,63556,0,36030,36
2018,전라남도,나주시,19845,5275910,20734,9626,6976,36040,36
2019,전라남도,나주시,19853,5386672,20746,11187,7690,36040,36
2020,전라남도,나주시,19686,5398174,21478,11415,8358,36040,36
2021,전라남도,나주시,19569,5589122,22174,11890,9012,36040,36
2018,전라남도,광양시,14556,6016061,26155,27800,0,36060,36
2019,전라남도,광양시,14530,6071848,25601,26507,0,36060,36
2020,전라남도,광양시,14462,6075642,26192,28884,0,36060,36
2021,전라남도,광양시,14438,6249820,26786,29678,0,36060,36
2018,전라남도,담양군,13880,1742595,8741,2503,0,36310,36
2019,전라남도,담양군,13926,1766675,8321,2681,0,36310,36
2020,전라남도,담양군,13848,1764627,8326,2834,0,36310,36
2021,전라남도,담양군,13971,1865079,8254,3524,0,36310,36
2018,전라남도,곡성군,9136,987757,4373,1130,0,36320,36
2019,전라남도,곡성군,9147,1030792,4182,1174,0,36320,36
2020,전라남도,곡성군,9065,1027989,4152,1239,0,36320,36
2021,전라남도,곡성군,9022,1030771,4137,1321,0,36320,36
2018,전라남도,구례군,8487,958021,4836,1139,0,36330,36
2019,전라남도,구례군,8527,973488,4653,1088,0,36330,36
2020,전라남도,구례군,8476,977810,4570,1306,0,36330,36
2021,전라남도,구례군,8476,985636,4581,1459,0,36330,36
2018,전라남도,고흥군,17357,1897206,8803,1084,0,36350,36
2019,전라남도,고흥군,17370,1905159,8380,1339,0,36350,36
2020,전라남도,고흥군,17266,1898979,8493,1688,0,36350,36
2021,전라남도,고흥군,17273,1932329,8484,1898,0,36350,36
2018,전라남도,보성군,14009,1436403,6828,61,0,36360,36
2019,전라남도,보성군,13964,1443704,6624,414,0,36360,36
2020,전라남도,보성군,13862,1442457,6671,885,0,36360,36
2021,전라남도,보성군,13749,1442327,6633,926,0,36360,36
2018,전라남도,화순군,13095,2460590,11111,10651,0,36370,36
2019,전라남도,화순군,13080,2478731,10919,10835,0,36370,36
2020,전라남도,화순군,13019,2555247,10846,11156,0,36370,36
2021,전라남도,화순군,12987,2571877,10722,12009,0,36370,36
2018,전라남도,장흥군,11071,1248279,5921,1866,0,36380,36
2019,전라남도,장흥군,11042,1281118,5618,2075,0,36380,36
2020,전라남도,장흥군,10963,1277673,5648,2229,0,36380,36
2021,전라남도,장흥군,10929,1279200,5676,2333,0,36380,36
2018,전라남도,강진군,10373,1317358,5890,932,0,36390,36
2019,전라남도,강진군,10361,1341254,5668,1326,0,36390,36
2020,전라남도,강진군,10305,1368622,5736,1711,0,36390,36
2021,전라남도,강진군,10283,1370837,5782,2368,0,36390,36
2018,전라남도,해남군,18927,2230393,11546,4326,0,36400,36
2019,전라남도,해남군,18909,2344958,11333,4561,0,36400,36
2020,전라남도,해남군,18780,2374885,11367,5053,0,36400,36
2021,전라남도,해남군,18632,2377438,11276,5297,0,36400,36
2018,전라남도,영암군,12395,2069914,9781,4811,0,36410,36
2019,전라남도,영암군,12382,2219283,9929,4970,0,36410,36
2020,전라남도,영암군,12282,2222510,10097,5645,0,36410,36
2021,전라남도,영암군,12210,2228018,10313,5669,0,36410,36
2018,전라남도,무안군,14056,3340244,14519,10248,0,36420,36
2019,전라남도,무안군,14023,3358855,14149,10441,0,36420,36
2020,전라남도,무안군,13909,3364638,14049,10814,0,36420,36
2021,전라남도,무안군,13983,3871190,14511,13139,0,36420,36
2018,전라남도,함평군,5637,663086,3548,1102,0,36430,36
2019,전라남도,함평군,5697,679918,3502,1251,0,36430,36
2020,전라남도,함평군,5706,684032,3533,1285,0,36430,36
2021,전라남도,함평군,5756,712026,3424,1350,0,36430,36
2018,전라남도,영광군,8642,1523497,9918,3937,0,36440,36
2019,전라남도,영광군,8676,1582044,9624,4088,0,36440,36
2020,전라남도,영광군,8624,1582075,9657,4155,0,36440,36
2021,전라남도,영광군,8621,1591024,9419,4471,0,36440,36
2018,전라남도,장성군,11591,1354313,7737,3660,0,36450,36
2019,전라남도,장성군,11663,1402938,7490,3933,0,36450,36
2020,전라남도,장성군,11552,1409666,7287,4168,0,36450,36
2021,전라남도,장성군,11528,1442750,7393,4537,0,36450,36
2018,전라남도,완도군,11783,1422316,8878,0,0,36460,36
2019,전라남도,완도군,11837,1435883,8714,0,0,36460,36
2020,전라남도,완도군,11836,1461972,8837,0,0,36460,36
2021,전라남도,완도군,11876,1478641,8805,0,0,36460,36
2018,전라남도,진도군,10564,985354,5302,0,0,36470,36
2019,전라남도,진도군,10560,1000710,5156,0,0,36470,36
2020,전라남도,진도군,10489,1022782,5249,0,0,36470,36
2021,전라남도,진도군,10458,1040479,5264,0,0,36470,36
2018,전라남도,신안군,12232,1017988,5873,0,0,36480,36
2019,전라남도,신안군,12163,1016282,5729,0,0,36480,36
2020,전라남도,신안군,12111,1020936,5726,0,0,36480,36
2021,전라남도,신안군,12098,1024853,5644,0,0,36480,36
2018,경상북도,남구,26593,10431787,45867,60440,8498,37011,37
2019,경상북도,남구,26608,10614568,44576,56830,8545,37011,37
2020,경상북도,남구,26418,10654772,44505,58182,8680,37011,37
2021,경상북도,남구,26328,11162378,45537,62284,8906,37011,37
2018,경상북도,북구,24976,12386134,52620,68024,0,37012,37
2019,경상북도,북구,25018,12751164,51182,65487,0,37012,37
2020,경상북도,북구,24875,13006113,51749,66837,0,37012,37
2021,경상북도,북구,24747,13211135,52515,71888,0,37012,37
2018,경상북도,경주시,41925,10998304,56005,52710,0,37020,37
2019,경상북도,경주시,41988,11394225,55295,52955,0,37020,37
2020,경상북도,경주시,41836,11398463,55208,54765,0,37020,37
2021,경상북도,경주시,41682,11410588,56998,34075,0,37020,37
2018,경상북도,김천시,26219,6081313,26931,21216,0,37030,37
2019,경상북도,김천시,26265,6317758,25885,20122,0,37030,37
2020,경상북도,김천시,26077,6340578,25904,21900,0,37030,37
2021,경상북도,김천시,25978,6339629,26129,23188,0,37030,37
2018,경상북도,안동시,24740,6821826,32964,28526,0,37040,37
2019,경상북도,안동시,24755,6891532,31796,28042,0,37040,37
2020,경상북도,안동시,24657,6973803,31347,29419,0,37040,37
2021,경상북도,안동시,24565,7007359,31386,32815,0,37040,37
2018,경상북도,구미시,28697,17487153,73073,121983,0,37050,37
2019,경상북도,구미시,28626,18141895,71537,106130,0,37050,37
2020,경상북도,구미시,28391,18238262,72069,116014,0,37050,37
2021,경상북도,구미시,28204,18499372,73733,123458,0,37050,37
2018,경상북도,영주시,20973,4221965,21560,18659,0,37060,37
2019,경상북도,영주시,20917,4248205,20681,18185,0,37060,37
2020,경상북도,영주시,20763,4246025,20416,19200,0,37060,37
2021,경상북도,영주시,20700,4285933,20679,21213,0,37060,37
2018,경상북도,영천시,20922,3573372,17388,14741,0,37070,37
2019,경상북도,영천시,20883,3672266,16879,14381,0,37070,37
2020,경상북도,영천시,20641,3720600,16981,15117,0,37070,37
2021,경상북도,영천시,20534,3901791,17902,9953,0,37070,37
2018,경상북도,상주시,26554,3881961,17912,7470,0,37080,37
2019,경상북도,상주시,26463,3888004,17203,7018,0,37080,37
2020,경상북도,상주시,26213,3906460,17167,7808,0,37080,37
2021,경상북도,상주시,26012,3968873,17444,8757,0,37080,37
2018,경상북도,문경시,20235,2881869,14149,5099,0,37090,37
2019,경상북도,문경시,20139,2902281,13564,4984,0,37090,37
2020,경상북도,문경시,19920,2889887,13613,5746,0,37090,37
2021,경상북도,문경시,19803,2891636,13671,6640,0,37090,37
2018,경상북도,경산시,24410,12368470,57943,77182,0,37100,37
2019,경상북도,경산시,24490,12719295,56377,75305,0,37100,37
2020,경상북도,경산시,24343,12898535,55584,75246,0,37100,37
2021,경상북도,경산시,24355,13414996,57127,80452,0,37100,37
2018,경상북도,군위군,7419,735124,3661,354,0,37310,37
2019,경상북도,군위군,7428,739083,3560,408,0,37310,37
2020,경상북도,군위군,7390,737946,3571,548,0,37310,37
2021,경상북도,군위군,7405,744700,3536,791,0,37310,37
2018,경상북도,의성군,16184,1777242,8319,499,0,37320,37
2019,경상북도,의성군,16163,1783964,7916,1055,0,37320,37
2020,경상북도,의성군,16041,1774420,7871,1322,0,37320,37
2021,경상북도,의성군,15987,1780172,7828,1599,0,37320,37
2018,경상북도,청송군,7559,835696,5429,0,0,37330,37
2019,경상북도,청송군,7545,841059,5113,0,0,37330,37
2020,경상북도,청송군,7492,843546,5092,0,0,37330,37
2021,경상북도,청송군,7451,850743,5056,0,0,37330,37
2018,경상북도,영양군,6234,559847,3824,0,0,37340,37
2019,경상북도,영양군,6213,560943,3621,0,0,37340,37
2020,경상북도,영양군,6156,558746,3395,0,0,37340,37
2021,경상북도,영양군,6150,559701,3198,0,0,37340,37
2018,경상북도,영덕군,12001,1411950,9469,801,0,37350,37
2019,경상북도,영덕군,11974,1417961,8998,1336,0,37350,37
2020,경상북도,영덕군,11840,1415256,8752,1765,0,37350,37
2021,경상북도,영덕군,11771,1417064,8794,2216,0,37350,37
2018,경상북도,청도군,16296,1540270,8096,1438,0,37360,37
2019,경상북도,청도군,16347,1559131,7771,1437,0,37360,37
2020,경상북도,청도군,16310,1569605,7806,1722,0,37360,37
2021,경상북도,청도군,16221,1575132,7926,1870,0,37360,37
2018,경상북도,고령군,7647,1083030,5670,2352,0,37370,37
2019,경상북도,고령군,7651,1090534,5444,2610,0,37370,37
2020,경상북도,고령군,7583,1094961,5513,2723,0,37370,37
2021,경상북도,고령군,7597,1101426,5431,3124,0,37370,37
2018,경상북도,성주군,12291,1400215,7284,43,0,37380,37
2019,경상북도,성주군,12321,1411087,7012,198,0,37380,37
2020,경상북도,성주군,12267,1410290,7081,437,0,37380,37
2021,경상북도,성주군,12247,1420552,7139,890,0,37380,37
2018,경상북도,칠곡군,15138,5048761,24676,23961,0,37390,37
2019,경상북도,칠곡군,15176,5095848,23198,20184,0,37390,37
2020,경상북도,칠곡군,15090,5088705,23132,22635,0,37390,37
2021,경상북도,칠곡군,15108,5196765,23342,24356,0,37390,37
2018,경상북도,예천군,14850,2375317,8230,5854,0,37400,37
2019,경상북도,예천군,14831,2560529,8363,6782,0,37400,37
2020,경상북도,예천군,14738,2564120,8591,7821,0,37400,37
2021,경상북도,예천군,14601,2549576,8668,8715,0,37400,37
2018,경상북도,봉화군,11081,1127026,6391,1061,0,37410,37
2019,경상북도,봉화군,11091,1132355,6068,1303,0,37410,37
2020,경상북도,봉화군,11029,1131903,6116,1409,0,37410,37
2021,경상북도,봉화군,11005,1132209,6166,1485,0,37410,37
2018,경상북도,울진군,14337,1992661,12676,1775,0,37420,37
2019,경상북도,울진군,14325,2005257,11916,1899,0,37420,37
2020,경상북도,울진군,14221,1994515,11565,2253,0,37420,37
2021,경상북도,울진군,14164,2009125,11480,2790,0,37420,37
2018,경상북도,울릉군,2298,240115,1759,0,0,37430,37
2019,경상북도,울릉군,2282,242884,1768,0,0,37430,37
2020,경상북도,울릉군,2269,243827,1666,0,0,37430,37
2021,경상북도,울릉군,2246,244405,1806,0,0,37430,37
2018,경상남도,의창구,22139,9920229,47304,59161,0,38111,38
2019,경상남도,의창구,22136,10648396,46704,57621,0,38111,38
2020,경상남도,의창구,21733,11105032,46976,59848,0,38111,38
2021,경상남도,의창구,19241,9589600,41505,52301,0,38111,38
2018,경상남도,성산구,6730,8682702,40211,58135,0,38112,38
2019,경상남도,성산구,6738,8702172,38472,55642,0,38112,38
2020,경상남도,성산구,6728,8700509,37919,56149,0,38112,38
2021,경상남도,성산구,6900,9241253,37937,57388,0,38112,38
2018,경상남도,마산합포구,20536,7357774,33894,33030,0,38113,38
2019,경상남도,마산합포구,20470,7397262,33000,32006,0,38113,38
2020,경상남도,마산합포구,20295,7884957,32078,33086,0,38113,38
2021,경상남도,마산합포구,20202,7865353,32237,35754,0,38113,38
2018,경상남도,마산회원구,15409,7135924,34577,50767,0,38114,38
2019,경상남도,마산회원구,15099,7252258,33598,50479,0,38114,38
2020,경상남도,마산회원구,14967,7214376,33229,50456,0,38114,38
2021,경상남도,마산회원구,14893,7510612,33523,52964,0,38114,38
2018,경상남도,진해구,16598,8483632,35728,40998,0,38115,38
2019,경상남도,진해구,16569,8756751,35273,40354,0,38115,38
2020,경상남도,진해구,16439,8765343,35411,42468,0,38115,38
2021,경상남도,진해구,16348,8803182,36757,45319,0,38115,38
2018,경상남도,진주시,41236,14789140,71196,66323,4219,38030,38
2019,경상남도,진주시,41419,15543612,69910,65373,4813,38030,38
2020,경상남도,진주시,41049,15837199,69803,68558,5548,38030,38
2021,경상남도,진주시,41063,16313695,70862,69487,7260,38030,38
2018,경상남도,통영시,20353,5665359,28667,19948,0,38050,38
2019,경상남도,통영시,20283,5797576,27502,20166,0,38050,38
2020,경상남도,통영시,19956,5786407,27197,21139,0,38050,38
2021,경상남도,통영시,19892,5815782,27650,22309,0,38050,38
2018,경상남도,사천시,18708,4393074,20548,16728,0,38060,38
2019,경상남도,사천시,18723,4463167,19868,16750,0,38060,38
2020,경상남도,사천시,18461,4462687,19544,17550,0,38060,38
2021,경상남도,사천시,18499,4773274,19721,18487,0,38060,38
2018,경상남도,김해시,31142,20993071,97385,106492,17683,38070,38
2019,경상남도,김해시,31366,22484911,94198,104148,16664,38070,38
2020,경상남도,김해시,31209,22890405,94569,106199,17677,38070,38
2021,경상남도,김해시,31078,23168451,96125,112147,19414,38070,38
2018,경상남도,밀양시,26586,4215785,19090,9437,0,38080,38
2019,경상남도,밀양시,26568,4371841,18456,9696,0,38080,38
2020,경상남도,밀양시,26242,4410521,18388,10357,0,38080,38
2021,경상남도,밀양시,26276,4517248,18591,11779,0,38080,38
2018,경상남도,거제시,23956,10879683,49656,26219,0,38090,38
2019,경상남도,거제시,23887,11006698,47606,26554,0,38090,38
2020,경상남도,거제시,23597,11066247,47742,28060,0,38090,38
2021,경상남도,거제시,23587,11118749,48125,28677,0,38090,38
2018,경상남도,양산시,17491,14697684,61365,57665,26213,38100,38
2019,경상남도,양산시,17690,15054298,65294,56808,25981,38100,38
2020,경상남도,양산시,17637,15305127,66737,60324,26727,38100,38
2021,경상남도,양산시,17679,15578583,68925,63259,27649,38100,38
2018,경상남도,의령군,10295,1041529,4372,1109,0,38310,38
2019,경상남도,의령군,10255,1058200,4132,1323,0,38310,38
2020,경상남도,의령군,10062,1054089,4089,1472,0,38310,38
2021,경상남도,의령군,10045,1056460,4120,1600,0,38310,38
2018,경상남도,함안군,11463,2364645,11716,7190,0,38320,38
2019,경상남도,함안군,11467,2368198,11199,7189,0,38320,38
2020,경상남도,함안군,11331,2359374,11136,7673,0,38320,38
2021,경상남도,함안군,11372,2368475,11103,7853,0,38320,38
2018,경상남도,창녕군,16603,2150390,10439,1726,0,38330,38
2019,경상남도,창녕군,16648,2194816,10047,1808,0,38330,38
2020,경상남도,창녕군,16460,2206244,9933,2126,0,38330,38
2021,경상남도,창녕군,16508,2219847,10156,2408,0,38330,38
2018,경상남도,고성군,15575,2010262,9014,2966,0,38340,38
2019,경상남도,고성군,15530,2009532,8632,2860,0,38340,38
2020,경상남도,고성군,15344,1999502,8700,3028,0,38340,38
2021,경상남도,고성군,15344,2022327,8619,3211,0,38340,38
2018,경상남도,남해군,17543,1844202,8756,0,0,38350,38
2019,경상남도,남해군,17559,1873761,8373,0,0,38350,38
2020,경상남도,남해군,17371,1863569,8357,0,0,38350,38
2021,경상남도,남해군,17414,1889219,8398,0,0,38350,38
2018,경상남도,하동군,14797,1563664,7083,589,0,38360,38
2019,경상남도,하동군,14798,1572853,6728,974,0,38360,38
2020,경상남도,하동군,14661,1568509,6652,1231,0,38360,38
2021,경상남도,하동군,14707,1580650,6667,1432,0,38360,38
2018,경상남도,산청군,11887,1186181,5949,0,0,38370,38
2019,경상남도,산청군,11919,1193628,5671,0,0,38370,38
2020,경상남도,산청군,11764,1185355,5627,0,0,38370,38
2021,경상남도,산청군,11815,1200155,5661,0,0,38370,38
2018,경상남도,함양군,12706,1462068,6593,2510,0,38380,38
2019,경상남도,함양군,12708,1506799,6376,2704,0,38380,38
2020,경상남도,함양군,12545,1496492,6327,3053,0,38380,38
2021,경상남도,함양군,12505,1509149,6328,3164,0,38380,38
2018,경상남도,거창군,14757,2310173,10780,7530,0,38390,38
2019,경상남도,거창군,14766,2313920,10482,7742,0,38390,38
2020,경상남도,거창군,14605,2302717,10344,8624,0,38390,38
2021,경상남도,거창군,14607,2322093,10404,8850,0,38390,38
2018,경상남도,합천군,16372,1604332,7803,1,0,38400,38
2019,경상남도,합천군,16277,1609912,7520,1,0,38400,38
2020,경상남도,합천군,16059,1600188,7510,0,0,38400,38
2021,경상남도,합천군,16039,1612734,7587,0,0,38400,38
2018,제주특별자치도,제주시,64743,18933369,95392,15996,0,39010,39
2019,제주특별자치도,제주시,66245,19584659,96214,14137,0,39010,39
2020,제주특별자치도,제주시,66504,19819923,99212,22179,0,39010,39
2021,제주특별자치도,제주시,67053,20275738,103217,25689,0,39010,39
2018,제주특별자치도,서귀포시,34154,6914685,34470,1597,0,39020,39
2019,제주특별자치도,서귀포시,34729,7233931,34641,1306,0,39020,39
2020,제주특별자치도,서귀포시,34880,7330040,35510,1639,0,39020,39
2021,제주특별자치도,서귀포시,35230,7512206,37884,2641,0,39020,39
